id,first_name,last_name,email,gender,ip_address
1,Heidie,Mc Gee,hmcgee0@baidu.com,Female,36.178.60.39
2,Atlante,Josselsohn,ajosselsohn1@about.com,Female,6.197.87.120
3,Brier,McGirl,bmcgirl2@census.gov,Female,157.170.1.173
4,Tina,Nealand,tnealand3@pinterest.com,Female,138.23.246.183
5,Merola,Mitchard,mmitchard4@bing.com,Female,169.241.156.76
6,Bearnard,Foulkes,bfoulkes5@typepad.com,Male,169.162.139.23
7,Marshal,Hatz,mhatz6@google.nl,Male,80.35.128.81
8,Hazel,Neal,hneal7@sun.com,Male,239.32.146.119
9,Rosalia,Boldra,rboldra8@tinyurl.com,Female,193.189.166.62
10,Hastie,Ionesco,hionesco9@fda.gov,Male,29.240.246.167
11,Jordanna,McOwen,jmcowena@apache.org,Female,88.120.65.77
12,Ogden,Gobourn,ogobournb@smh.com.au,Male,158.76.133.120
13,Misty,Llewhellin,mllewhellinc@icq.com,Female,159.89.150.130
14,Vassily,Gilleson,vgillesond@pinterest.com,Male,82.35.63.241
15,Fons,Edlington,fedlingtone@nsw.gov.au,Male,178.140.77.246
16,Humfrey,Schriren,hschrirenf@princeton.edu,Male,22.80.163.180
17,Dorita,Mustill,dmustillg@cnbc.com,Female,4.84.212.136
18,Evanne,MacLaig,emaclaigh@csmonitor.com,Female,173.79.140.21
19,Dorri,Heinritz,dheinritzi@jiathis.com,Female,196.130.93.167
20,Nigel,Moreton,nmoretonj@mediafire.com,Male,207.72.138.204
21,Nicolette,Dudman,ndudmank@nymag.com,Female,149.244.102.202
22,Carlotta,Peascod,cpeascodl@ucoz.com,Female,217.2.88.217
23,Gabbie,Mahy,gmahym@mashable.com,Male,217.223.170.243
24,Hansiain,O'Glessane,hoglessanen@wiley.com,Male,221.230.164.195
25,Geoffry,Connerry,gconnerryo@slideshare.net,Polygender,163.219.94.66
26,Lidia,Wiggington,lwiggingtonp@symantec.com,Female,23.193.87.3
27,Dulcia,Handsheart,dhandsheartq@thetimes.co.uk,Female,140.25.88.161
28,Madison,Pisco,mpiscor@ucoz.ru,Male,77.21.141.206
29,Janaya,Doucette,jdoucettes@trellian.com,Female,66.62.100.38
30,Ilyssa,Zorro,izorrot@diigo.com,Female,253.35.88.49
31,Camellia,Dufton,cduftonu@patch.com,Genderqueer,105.77.0.54
32,Francoise,Pury,fpuryv@constantcontact.com,Female,170.106.246.108
33,Gene,Rizzini,grizziniw@newsvine.com,Male,229.213.248.252
34,Noble,Maron,nmaronx@sogou.com,Male,93.218.66.125
35,Tonia,Baudinet,tbaudinety@newsvine.com,Female,173.115.188.137
36,Vite,Parratt,vparrattz@gizmodo.com,Male,98.73.64.186
37,Maryann,Barnbrook,mbarnbrook10@google.co.jp,Genderfluid,105.133.28.95
38,Artemis,Tendahl,atendahl11@multiply.com,Male,159.66.37.103
39,Barrie,Dine-Hart,bdinehart12@vkontakte.ru,Male,50.233.62.9
40,Kirsti,Penswick,kpenswick13@hc360.com,Female,23.241.5.232
41,Kaleena,Rough,krough14@deviantart.com,Bigender,18.51.192.24
42,Hort,Tawse,htawse15@vk.com,Male,54.112.122.9
43,Davita,Aspin,daspin16@netlog.com,Female,34.174.72.217
44,Etienne,Di Napoli,edinapoli17@phpbb.com,Male,186.35.68.13
45,Maryanna,Crowley,mcrowley18@bbb.org,Female,236.20.83.82
46,Dennie,Blucher,dblucher19@nsw.gov.au,Male,116.230.191.180
47,Sinclare,Gerardeaux,sgerardeaux1a@weebly.com,Male,194.254.51.21
48,Estevan,Willimott,ewillimott1b@google.com.br,Male,250.215.7.224
49,Kinny,Hiorn,khiorn1c@dailymotion.com,Bigender,29.144.65.52
50,Theodore,Boothe,tboothe1d@ucla.edu,Male,144.132.147.203
